<?xml version="1.0" encoding="UTF-8"?>
<beans xmlns="http://www.springframework.org/schema/beans"
xmlns:xsi="http://www.w3.org/2001/XMLSchema-instance"
xsi:schemaLocation="http://www.springframework.org/schema/beans
http://www.springframework.org/schema/beans/spring-beans-2.5.xsd">
 
<!-- Hibernate session factory -->

<bean id="sessionFactory" 
    class="org.springframework.orm.hibernate4.LocalSessionFactoryBean">
 
    <property name="dataSource">
      <ref bean="dataSource"/>
    </property>
 
    <property name="hibernateProperties">
       <props>
         <prop key="hibernate.dialect">org.hibernate.dialect.PostgreSQLDialect</prop>
         <prop key="hibernate.show_sql">true</prop>
         <prop key="hibernate.connection.autocommit">true</prop>
         <prop key="hibernate.hbm2ddl.auto">validate</prop>    
       </props>
    </property>
 
    <property name="mappingResources">
		<list>
          <value>com/ram/sms/model/Customer.hbm.xml</value>
		</list>
    </property>	
 
</bean>
<bean id="transactionManager"
		class="org.springframework.orm.hibernate4.HibernateTransactionManager">
		<property name="sessionFactory" ref="sessionFactory"/>
	</bean>
</beans>
