<?xml version="1.0" encoding="UTF-8"?>
<beans xmlns="http://www.springframework.org/schema/beans"
	xmlns:xsi="http://www.w3.org/2001/XMLSchema-instance"
	xsi:schemaLocation="http://www.springframework.org/schema/beans 
	http://www.springframework.org/schema/beans/spring-beans-2.5.xsd">
 
 	<bean id="customerAction" class="com.ram.sms.controller.CustomerAction">
		<property name="customerBO" ref="customerBO" />	
	</bean>

	<bean id="customerBO" class="com.ram.sms.bo.CustomerBOImpl" >
		<property name="customerDAO" ref="customerDAO" />
	</bean>
	
   	<bean id="customerDAO" class="com.ram.sms.dao.CustomerDAOImpl" >
		<property name="sessionFactory" ref="sessionFactory" />
		
		<!-- <property name = "hibernateTemplate" ref = "hibernateTemplate"></property> -->
	</bean>
 
	 <!-- <bean id = "hibernateTemplate" class = "org.springframework.orm.hibernate4.HibernateTemplate">
    	 <property name = "sessionFactory" ref = "mySessionFactory"></property>
	</bean> -->

 
</beans>
